plot_id,N_rate_kg_ha,day,soil_mineral_N_mg_kg,plant_N_g_m2,biomass_g_m2,temperature_C,soil_water_rel
N0_R1,0,0,21.945445718757625,1.7385030786826998,36.23136170173496,24.75895471620815,0.7728891757681075
N0_R1,0,7,24.234365976386755,1.9406634047924984,36.17900750205056,26.65295154813873,0.8148035426621035
N0_R1,0,14,28.82067628627709,1.7550532624942452,37.29272025930322,26.731737071346586,0.8658790353503121
N0_R1,0,21,32.206493063629324,1.9165491760130586,40.11247947968962,27.126341162188577,0.8766814589761499
N0_R1,0,28,34.77769065323669,2.2737329222014866,50.06103862888442,27.470911521793834,0.81741652424369
N0_R1,0,35,38.34047028082714,2.2353231477450715,50.97246881721931,26.90995047895661,0.74921805115326
N0_R1,0,42,44.08071932433206,2.327729253549097,57.99248906462835,26.16660251222787,0.7123841420875403
N0_R1,0,49,48.0870169601923,2.6950803352070283,60.74330976144445,25.267286810107226,0.7025906202410185
N0_R1,0,56,52.11007726135606,3.0272663099753276,65.85257826571564,24.06703809454567,0.7742211605549336
N0_R1,0,63,54.98464213500939,3.1071541095018773,68.06464809074951,23.241548950210326,0.7497024459499434
N0_R1,0,70,57.665102074440846,3.298085265726166,73.18316489882524,22.1506165651886,0.8376773772825332
N0_R1,0,77,60.87587706863431,3.51734053694918,80.47838842718576,22.639867331410365,0.857156934860407
N0_R1,0,84,65.45053168114477,3.6984913730908566,83.5533184465065,22.863650473563343,0.8762564649893305
N0_R2,0,0,23.08781191695311,2.0863198542256542,35.47531738417377,24.943440387595484,0.7404392374461182
N0_R2,0,7,27.742933646663705,2.189747662577415,38.25997069186799,26.29521057308015,0.8583854678116755
N0_R2,0,14,31.762100985189853,2.2673328627379963,40.392565365378694,26.810307037061342,0.8137496350358011
N0_R2,0,21,37.049451878875395,2.1323818151161644,46.364738347409016,27.204616075168207,0.9317324617860201
N0_R2,0,28,40.32141502422661,2.167968478590143,51.02219506787318,28.09570364764283,0.8431078572086773
N0_R2,0,35,43.85253014928807,2.1651144805246063,63.20094156748172,27.159591585250197,0.7547553751231564
N0_R2,0,42,48.464133926343706,2.2370980871283974,69.73115036941175,26.433485818841866,0.6710322224878508
N0_R2,0,49,51.550232554219605,2.4914498359861685,69.39117921909717,24.950558614515987,0.6503954153607882
N0_R2,0,56,54.814460710491716,2.6733582407500203,73.23017355928692,24.579280479173555,0.7352972195104204
N0_R2,0,63,57.61648915731719,2.9008573240293574,78.8323364071728,23.3810084396651,0.7597161778953301
N0_R2,0,70,60.50733698495098,3.3261077720066456,77.17638397003375,22.525313053576266,0.7884563051874579
N0_R2,0,77,64.38428184760315,3.4186842346422153,83.41674051068168,22.32277214882549,0.8369716952862312
N0_R2,0,84,67.6866862691714,3.700454885613023,87.43175428530775,22.568491502157677,0.8495538892425685
N0_R3,0,0,13.51348251525558,2.4219371312763007,32.45051591134456,24.782523315696228,0.7998932445792376
N0_R3,0,7,17.947269752000622,2.516335075791681,37.93976628487927,26.014820419776008,0.8558784522870531
N0_R3,0,14,22.94222364351527,2.639000926869863,46.83169254244917,27.31867586968215,0.8674456351465984
N0_R3,0,21,26.887522171647486,2.6574482087486038,54.83365242443109,27.578083131072496,0.838128721873419
N0_R3,0,28,31.058054499964438,2.8983029317620916,56.180988890919515,27.70859969284395,0.8196015493185769
N0_R3,0,35,34.01648157774575,3.0285978341746382,55.15221252773575,26.771468257457737,0.743786241776693
N0_R3,0,42,36.464308618241475,3.025129488895738,56.05189966231728,26.19980619062472,0.6989046879813935
N0_R3,0,49,38.93827718835199,3.0538157674807667,63.78866442317933,24.75449075781717,0.7048553626111252
N0_R3,0,56,42.306156636700344,3.29056913250162,67.50112877120014,24.315939214563695,0.7424013536914219
N0_R3,0,63,46.122009411093096,3.4806753481161374,76.94411430725954,23.144569131705634,0.7918727730900774
N0_R3,0,70,49.3337211912092,3.804998261143763,76.67724399753544,22.965166453250504,0.8366099526001192
N0_R3,0,77,52.68350178267197,4.3182144552377615,81.05794925057873,22.026251987183223,0.8660765760542359
N0_R3,0,84,56.24452594171898,4.449560737713266,87.47408207152193,23.027607978340242,0.8868125433519976
N80_R1,80,0,76.19080168179227,1.9469390111220184,34.91949354235197,25.261336264719194,0.7557564219970918
N80_R1,80,7,79.52661631829123,1.9758697112668269,33.57671271884067,26.350537853567307,0.8526075668517359
N80_R1,80,14,83.23630928299092,1.9495926968656285,35.422769974193606,26.464397323608065,0.8188831215859405
N80_R1,80,21,87.96942969932249,2.066955718504473,40.49592945639012,27.92808404419821,0.8417704607580047
N80_R1,80,28,92.93821696058109,2.228779238146042,41.528573168914235,27.13842854145105,0.8280708878085609
N80_R1,80,35,97.09857770323619,2.3710669185388835,45.26421402359054,26.755751434461704,0.7326928784359998
N80_R1,80,42,101.00261886165733,2.3375431165944636,45.79224048173588,26.361555297013584,0.7038359099396964
N80_R1,80,49,105.032160977404,2.6754093457059684,48.9469875613151,25.326547635169845,0.7200962934397839
N80_R1,80,56,108.9235734672573,2.7694108217097817,52.68409481935094,24.360979768431683,0.7442076235886855
N80_R1,80,63,113.25361343795021,2.810766687876647,53.78986824608435,23.118831689030607,0.7932383614252262
N80_R1,80,70,116.29686432142628,3.113648056441449,53.83882000022777,22.729174385611437,0.8280755324880699
N80_R1,80,77,118.74704786125268,3.402125285913619,61.35259865193214,22.273853446478057,0.88676498354323
N80_R1,80,84,121.83857480128587,3.4958378983046976,67.9318549851422,22.70103142786638,0.8420149857438698
N80_R2,80,0,69.42637629002397,2.0230156164012985,37.43460156585062,24.911125788265124,0.7543019589353802
N80_R2,80,7,74.21872872336616,1.9707922735078847,35.176129056395155,25.74801641561468,0.7803464816540853
N80_R2,80,14,79.10873933439147,2.0463941458236783,41.40567595914779,26.952945504531726,0.8573282514881815
N80_R2,80,21,83.99420542017472,2.2551374182139274,48.07613489565567,27.36213917921354,0.8230552838094553
N80_R2,80,28,88.11525929141703,2.6657459826816394,55.68675849160575,27.388367042215812,0.7925921707995248
N80_R2,80,35,91.7948160271503,2.7005393833202196,59.429505077133925,27.062318690138607,0.7390940338066444
N80_R2,80,42,94.4731570461333,2.892459658035914,62.619692487449946,26.13763035543734,0.6671170908557196
N80_R2,80,49,97.00182026474101,2.981776635712067,61.02428950379049,25.244828575653152,0.6610255426031734
N80_R2,80,56,100.7487338284275,3.04296483316157,64.63856984746594,24.20207603705744,0.7687489211105344
N80_R2,80,63,102.98429636118867,3.267304231426298,67.08364903283703,23.621653170642094,0.7748856834526768
N80_R2,80,70,106.51271605532179,3.5387492218455923,71.48999896971793,22.760395769942928,0.8331756083486732
N80_R2,80,77,110.64883006598394,3.6018402789244317,79.40207360130647,22.58177326315865,0.8543276567421882
N80_R2,80,84,114.55152627736209,3.8971023498439883,83.91580057864665,23.04816293660067,0.8441072128995668
N80_R3,80,0,70.93344744544618,2.2142565682721127,34.248099426762806,25.77379931307702,0.7687751887761843
N80_R3,80,7,76.0442468428422,2.260732300027589,39.15789000313446,26.36495639372443,0.8740089853034787
N80_R3,80,14,79.95557924241686,2.4350034141502976,46.37668393823864,27.14652350815986,0.859235022240234
N80_R3,80,21,84.49300330072957,2.5788260005029873,47.79731661308011,27.31352804432355,0.8747179201793102
N80_R3,80,28,88.86396384683057,2.8846722813173553,51.819848383218506,27.61709192117275,0.8144588690252257
N80_R3,80,35,92.8986131785653,2.9872683895308816,57.187049894895296,27.161032012829324,0.746089532940301
N80_R3,80,42,95.20270918265392,3.075464830132796,60.95540084739364,26.288037502650706,0.7004395122954341
N80_R3,80,49,99.01105008316195,3.200704986179188,69.78275455538493,24.67312073330538,0.7622606451682425
N80_R3,80,56,102.57261351327735,3.3227680127912174,77.10409935799602,24.45549521244148,0.7264970525405484
N80_R3,80,63,105.42137312687235,3.465294960918066,81.84806884711841,22.95149616794938,0.773306718146101
N80_R3,80,70,107.61792860818002,3.8220433530172655,80.55272139093314,22.393131141475774,0.8213497215218117
N80_R3,80,77,111.09795378528588,4.182070769099049,88.07816607935999,22.738228249821486,0.8362931098078166
N80_R3,80,84,114.78439547786954,4.627338039960796,89.96762678902705,22.70439393112184,0.8378026634451331
N160_R1,160,0,132.45204565511662,2.1893150490405624,31.96555023019735,24.952312453805206,0.7750175030933624
N160_R1,160,7,136.38745348798315,2.269335359300969,35.835403916921834,25.66507926593072,0.8174565432499107
N160_R1,160,14,140.1091403790878,2.6854356886544766,41.230785138374664,26.460474722329508,0.8564070432186622
N160_R1,160,21,143.848193256144,2.6723563938217776,45.92976810198494,27.731563554510164,0.8734334323316508
N160_R1,160,28,147.1724767393586,2.8513512045022207,53.54364309930478,27.180432226511783,0.809458516092114
N160_R1,160,35,150.50388852890188,3.0785280121927276,53.448986705262506,26.624407320385533,0.7492247728935598
N160_R1,160,42,152.80540291000167,3.2313387168066763,61.77085329571305,26.1990224184762,0.7756743591437777
N160_R1,160,49,157.3142913932675,3.456787820946824,64.1755416232224,25.421952157360646,0.724716314939543
N160_R1,160,56,160.76834988196578,3.407484287994323,67.79602354639277,24.138723930435013,0.7270435896753559
N160_R1,160,63,162.46650647030287,3.730774236974813,75.79531767128184,23.094793378842777,0.7926610422333578
N160_R1,160,70,164.50603277169844,4.10252698495107,76.5794532843283,22.276526951924964,0.8340431599948264
N160_R1,160,77,168.74378106880792,4.130981507187745,80.46828749021215,23.20873803061218,0.8786700386830297
N160_R1,160,84,171.77916011075496,4.245124260077122,88.69818884211705,23.020787400777557,0.8375440850790463
N160_R2,160,0,138.85374674249792,2.0271403279837297,35.79748052682756,25.103361080242813,0.749316588600254
N160_R2,160,7,143.543529711972,1.8744512505838142,34.56498336284532,25.68261800519039,0.7945608044546115
N160_R2,160,14,148.76064938794116,1.9420555729766829,40.069516497959455,27.441056647031303,0.8763880315882241
N160_R2,160,21,153.1443096238634,1.9559696550926515,41.45493792756777,27.594546014296096,0.85575802554933
N160_R2,160,28,157.92074737224422,2.1027819555672544,50.836204516494206,27.36515895812609,0.7990884842989959
N160_R2,160,35,161.8749021681449,2.200381729150671,56.33230849727138,26.636253338587636,0.7464731387449278
N160_R2,160,42,166.4059630632157,2.5684675312240266,61.24959303812611,26.391184225031676,0.7029658199944827
N160_R2,160,49,169.6956984962696,2.6892575309484537,62.939955108867245,24.714387489425306,0.6468309961738781
N160_R2,160,56,172.841480132256,2.9951283401615294,64.84334400269188,24.637096110212628,0.7517469941041017
N160_R2,160,63,176.33679595418945,3.289569872460866,70.5862268309353,23.36361813764962,0.7922422063709623
N160_R2,160,70,177.74471156673593,3.3974153764089,75.89137045107678,22.973798256615805,0.8073989710371517
N160_R2,160,77,180.97634715015585,3.5755305656639114,85.89247663517486,22.83567696422224,0.8390478993347826
N160_R2,160,84,184.66533973799034,3.589223821440056,85.06827001304535,22.973422748089856,0.848288101811905
N160_R3,160,0,128.53116306576837,1.8411920682167568,33.8218346871426,24.941293472966812,0.7895511258180796
N160_R3,160,7,132.60310762577348,1.9729308008915556,39.60733820260048,26.11032795999206,0.8520764406162237
N160_R3,160,14,134.45157053199543,2.047820788013032,40.81810023531584,27.203247918133496,0.8895421089599325
N160_R3,160,21,138.42594123300427,2.0461612923974153,43.30409557449299,27.974212293195695,0.8563175977793663
N160_R3,160,28,140.9785831286566,2.0230148611363172,47.048178078974594,27.30716697089156,0.7642633989922964
N160_R3,160,35,145.39962637974418,1.9730796467867078,55.87775893852265,27.01488398252821,0.7287372911158954
N160_R3,160,42,149.73919075259602,2.086963652565652,59.2218317206816,26.338220270003433,0.6979479856750712
N160_R3,160,49,153.65837949463216,2.2517742881711005,67.069669927263,25.787784000635362,0.6928932915768091
N160_R3,160,56,156.5232273926034,2.6211361474855295,66.49363096426336,24.467897821097306,0.727444948077183
N160_R3,160,63,157.88197809812766,2.7431802136529875,70.70684883949605,22.944671307929227,0.8125745431291882
N160_R3,160,70,160.7971588289812,3.0175280452385738,76.25600388765962,22.9962565793494,0.8454318338718687
N160_R3,160,77,162.72759982377164,3.337376039703148,83.53103340872427,22.11532295409145,0.8415052870748353
N160_R3,160,84,166.39759282123384,3.73954584499863,88.81054986725006,22.556198301737265,0.8201446943152093
