key,type,authors,title,year,journal,volume,issue,pages,doi,url,topic,source_a,source_b,verified_on
Kristensen2016TMB,article,Kasper Kristensen; Anders Nielsen; Casper W. Berg; Hans Skaug; Brad M. Bell,TMB: Automatic Differentiation and Laplace Approximation,2016,Journal of Statistical Software,70,5,1-21,10.18637/jss.v070.i05,https://doi.org/10.18637/jss.v070.i05,automatic differentiation / Laplace,Journal of Statistical Software DOI,CRAN RTMB documentation,2026-08-17
Galarza2020,article,Christian E. Galarza; Luis M. Castro; Francisco Louzada; Victor H. Lachos,Quantile regression for nonlinear mixed effects models: a likelihood based perspective,2020,Statistical Papers,61,3,1281-1307,10.1007/s00362-018-0988-y,https://doi.org/10.1007/s00362-018-0988-y,nonlinear mixed quantile regression,Springer/RePEc DOI metadata,CRAN qrNLMM description,2026-08-17
Burger2025,article,Divan A. Burger; Sean van der Merwe; Emmanuel Lesaffre,A robust mixed-effects quantile regression model using generalized Laplace mixtures to handle outliers and skewness,2025,Computational Statistics,40,8,4775-4798,10.1007/s00180-025-01651-0,https://doi.org/10.1007/s00180-025-01651-0,resistant mixed quantiles / cGAL benchmark,Springer,RePEc/EBSCO,2026-08-17
Zhang2024,article,Yixin Zhang; Wei Liu; Lang Wu,Order-restricted hypothesis tests for nonlinear mixed-effects models with measurement errors in covariates,2024,Canadian Journal of Statistics,52,4,e11812,10.1002/cjs.11812,https://doi.org/10.1002/cjs.11812,measurement error in nonlinear mixed effects,Wiley,journal citation metadata,2026-08-17
Ye2025,article,Qian Ye; Lang Wu; Viviane Dias Lima,Jointly modeling means and variances for nonlinear mixed effects models with measurement errors and outliers,2025,Biometrics,81,1,ujaf018,10.1093/biomtc/ujaf018,https://doi.org/10.1093/biomtc/ujaf018,joint mean-variance / measurement error / outliers,Oxford Academic,PubMed,2026-08-17
Heinrich2025,article,Mio Heinrich; Marcus Rosenblatt; Franz-Georg Wieland; Hans Stigter; Jens Timmer,On structural and practical identifiability: Current status and update of results,2025,Current Opinion in Systems Biology,41,,100546,10.1016/j.coisb.2025.100546,https://doi.org/10.1016/j.coisb.2025.100546,structural and practical identifiability,ScienceDirect,Wageningen Research Portal,2026-08-17
Dixit2022,article,Vaibhav Kumar Dixit; Christopher Rackauckas,GlobalSensitivity.jl: Performant and Parallel Global Sensitivity Analysis with Julia,2022,Journal of Open Source Software,7,76,4561,10.21105/joss.04561,https://doi.org/10.21105/joss.04561,global sensitivity / Julia,JOSS,Zenodo,2026-08-17
BubelDesign2025,article,Martin Bubel; Philipp Seufert; Gleb Karpov; Jan Schwientek; Michael Bortz; Ivan Oseledets,Optimal experimental design: from design point to design region,2025,Statistical Papers,66,,109,10.1007/s00362-025-01725-7,https://doi.org/10.1007/s00362-025-01725-7,optimal experimental design,Springer,RePEc,2026-08-17
Ghosh2026PICS,article,Suvrojit Ghosh; Koulik Khamaru; Tirthankar Dasgupta,PICS: A Sequential Approach to Obtain Optimal Designs for Nonlinear Models Leveraging Closed-Form Solutions for Faster Convergence,2026,Technometrics,68,2,282-294,10.1080/00401706.2025.2573234,https://doi.org/10.1080/00401706.2025.2573234,sequential nonlinear optimal design,Taylor & Francis article,Technometrics issue table of contents,2026-08-17
BubelCubature2025,article,Martin Bubel; Jochen Schmid; Maximilian Carmesin; Volodymyr Kozachynskyi; Erik Esche; Michael Bortz,Cubature-based uncertainty estimation for nonlinear regression models,2025,Computers & Chemical Engineering,197,,109035,10.1016/j.compchemeng.2025.109035,https://doi.org/10.1016/j.compchemeng.2025.109035,nonlinear uncertainty propagation / cubature,ScienceDirect,Fraunhofer publication portal,2026-08-17
Rogers2024,article,Alexander W. Rogers; Amanda Lane; Cesar Mendoza; Simon Watson; Adam Kowalski; Philip Martin; Dongda Zhang,Integrating knowledge-guided symbolic regression and model-based design of experiments to automate process flow diagram development,2024,Chemical Engineering Science,300,,120580,10.1016/j.ces.2024.120580,https://doi.org/10.1016/j.ces.2024.120580,knowledge-guided symbolic regression / model-based design,ScienceDirect,arXiv 2405.04592,2026-08-17
Cranmer2023,misc,Miles Cranmer,Interpretable Machine Learning for Science with PySR and SymbolicRegression.jl,2023,arXiv,,,,,https://arxiv.org/abs/2305.01582,symbolic regression / PySR,arXiv,PySR project citation/Zenodo,2026-08-17
Cordier2023MAPIE,inproceedings,Thibault Cordier; Vincent Blot; Louis Lacombe; Thomas Morzadec; Arnaud Capitaine; Nicolas Brunel,Flexible and Systematic Uncertainty Estimation with Conformal Prediction via the MAPIE library,2023,Proceedings of the Twelfth Symposium on Conformal and Probabilistic Prediction with Applications,204,,549-581,,https://proceedings.mlr.press/v204/cordier23a.html,conformal prediction / MAPIE,PMLR article,PMLR volume/GitHub citation,2026-08-17
Randahl2026,article,David Randahl; Jonathan P. Williams; Håvard Hegre,Bin-Conditional Conformal Prediction of Fatalities from Armed Conflict,2026,Political Analysis,34,1,96-108,10.1017/pan.2025.10010,https://doi.org/10.1017/pan.2025.10010,conditional/bin conformal prediction,Cambridge Core,CRAN pintervals description,2026-08-17
RTMB2026,software,Kasper Kristensen,RTMB: 'R' Bindings for 'TMB',2026,CRAN R package,1.9,,,10.32614/CRAN.package.RTMB,https://CRAN.R-project.org/package=RTMB,software / automatic differentiation,CRAN RTMB,R-universe RTMB,2026-08-17
BayesRTMB2026,software,Hiroshi Shimizu,BayesRTMB: Bayesian Inference Using 'RTMB',2026,CRAN R package,0.2.4,,,10.32614/CRAN.package.BayesRTMB,https://CRAN.R-project.org/package=BayesRTMB,software / Bayesian RTMB,CRAN mirror metadata,CRAN source index,2026-08-17
qrNLMM2025,software,Christian E. Galarza; Victor H. Lachos,qrNLMM: Quantile Regression for Nonlinear Mixed-Effects Models,2025,CRAN R package,4.0,,,10.32614/CRAN.package.qrNLMM,https://CRAN.R-project.org/package=qrNLMM,software / nonlinear mixed quantiles,CRAN qrNLMM,CRAN metadata mirror,2026-08-17
ctsmTMB2026,software,Phillip Vetter; Jan Møller; Uffe Thygesen; Peder Bacher; Henrik Madsen,ctsmTMB: Continuous Time Stochastic Modelling using TMB,2026,CRAN R package,1.1.1,,,10.32614/CRAN.package.ctsmTMB,https://CRAN.R-project.org/package=ctsmTMB,software / continuous-time stochastic models,CRAN ctsmTMB,CRAN DOI metadata,2026-08-17
pintervals2026,software,David Randahl; Jonathan P. Williams; Anders Hjort,pintervals: Model Agnostic Prediction Intervals,2026,CRAN R package,1.1.1,,,10.32614/CRAN.package.pintervals,https://CRAN.R-project.org/package=pintervals,software / conformal prediction,CRAN pintervals,CRAN mirror / R-universe package manual,2026-08-17
Chen2018NeuralODE,conference,Tian Qi Chen; Yulia Rubanova; Jesse Bettencourt; David Duvenaud,Neural Ordinary Differential Equations,2018,Advances in Neural Information Processing Systems 31,,,6572-6583,,https://proceedings.neurips.cc/paper/2018/hash/69386f6bb1dfed68692a24c8686939b9-Abstract.html,Neural ODE,NeurIPS proceedings,DBLP conference record,2026-08-17
Raissi2019PINN,article,Maziar Raissi; Paris Perdikaris; George Em Karniadakis,Physics-informed neural networks: A deep learning framework for solving forward and inverse problems involving nonlinear partial differential equations,2019,Journal of Computational Physics,378,,686-707,10.1016/j.jcp.2018.10.045,https://doi.org/10.1016/j.jcp.2018.10.045,PINN foundational method,Elsevier Journal of Computational Physics,Crossref Crossmark DOI metadata,2026-08-17
Rackauckas2020UDE,preprint,Christopher Rackauckas; Yingbo Ma; Julius Martensen; Collin Warner; Kirill Zubov; Rohit Supekar; Dominic Skinner; Ali Ramadhan; Alan Edelman,Universal Differential Equations for Scientific Machine Learning,2020,arXiv,,,,10.48550/arXiv.2001.04385,https://arxiv.org/abs/2001.04385,Universal Differential Equations,arXiv record,SciML official missing-physics documentation cites the work,2026-08-17
Philipps2025UDEReview,article,Maren Philipps; Nina Schmid; Jan Hasenauer,Current state and open problems in universal differential equations for systems biology,2025,npj Systems Biology and Applications,11,,101,10.1038/s41540-025-00550-w,https://doi.org/10.1038/s41540-025-00550-w,UDE training / identifiability / regularization,Nature / npj Systems Biology and Applications,PubMed PMID 40885733,2026-08-17
Li2025PINNSoil,article,Cunwen Li; Yan Zhu; Xiaoping Zhang; Lili Ju; Qiang Luo; Hui Feng,A Physics-Informed Deep Learning Method With Adaptively Weighted Loss for Modeling Soil Water Flows,2025,Water Resources Research,61,9,e2024WR039108,10.1029/2024WR039108,https://doi.org/10.1029/2024WR039108,PINN / Richards soil-water flow,Wiley / Water Resources Research article page,Wiley volume/issue and DOI metadata,2026-08-17
Gong2025PINNRichards,article,Xuezi Gong; Yuanyuan Zha,Physics-Informed Neural Network With Enhanced Parameter-State Coupling for Inverse Modeling of Unsaturated Flow in Heterogeneous Soils,2025,Water Resources Research,61,9,e2025WR040040,10.1029/2025WR040040,https://doi.org/10.1029/2025WR040040,PINN / heterogeneous unsaturated flow,Wiley / Water Resources Research article page,DOI landing metadata / Wiley citation export,2026-08-17
Qi2026PINNPTF,article,Pengfei Qi; Yunquan Wang; Rui Ma; Jieliang Zhou; Harry Vereecken; Budiman Minasny; Ziyong Sun; Gaofeng Zhu; Kun Zhang,Physics-Informed Neural Networks to Develop Site-Specific Pedotransfer Functions,2026,Water Resources Research,62,1,e2025WR041265,10.1029/2025WR041265,https://doi.org/10.1029/2025WR041265,physics-informed site-specific pedotransfer functions,Wiley / Water Resources Research article page,Wiley Volume 62 Issue 1 table of contents / AGRIS metadata,2026-08-17
Shao2026PlantHeight,article,Yingjie Shao; Fred van Eeuwijk; Carel F. W. Peeters; Olivia Zumsteg; Ioannis N. Athanasiadis; George van Voorn,Physics-Informed Neural Network methods for predicting plant height development,2026,Computers and Electronics in Agriculture,251,,111988,10.1016/j.compag.2026.111988,https://doi.org/10.1016/j.compag.2026.111988,PINN / longitudinal plant growth,Elsevier Computers and Electronics in Agriculture metadata,Wageningen University Research Portal,2026-08-17
Gress2025SOCUDE,preprint,Satyanarayana Raju G. V. V.; Prathamesh Dinesh Joshi; Raj Abhijit Dandekar; Rajat Dandekar; Sreedath Panat,A study of Universal ODE approaches to predicting soil organic carbon,2025,arXiv,,,,10.48550/arXiv.2509.24306,https://arxiv.org/abs/2509.24306,UDE / soil organic carbon; preprint,arXiv record,ResearchGate mirror metadata; explicitly treated as preprint,2026-08-17
